0,7,1999-10-17 00:48:08,907.78,fulfilled
1,533,1976-12-09 13:54:37,75.87,fulfilled
2,780,2005-11-28 00:40:14,2923.55,in progress
3,400,1989-12-30 07:54:51,805.56,in progress
4,890,2005-10-13 15:09:27,610.5600000000001,fulfilled
5,82,2012-02-15 15:11:16,1796.78,in progress
6,173,1984-02-21 06:27:27,594.32,in progress
7,253,1998-02-24 05:50:34,1549.8500000000001,fulfilled
8,235,1984-12-10 00:46:36,57.660000000000004,fulfilled
9,158,2022-03-14 17:17:32,123.06,fulfilled
10,323,1973-09-18 23:41:18,4188.72,fulfilled
11,532,1994-01-14 18:47:38,1968.46,in progress
12,390,1988-08-07 23:36:01,3036.2400000000002,in progress
13,237,2012-02-24 04:32:03,3338.1499999999996,in progress
14,997,2021-02-22 06:02:08,1204.43,fulfilled
15,412,2016-08-08 17:26:31,1404.92,fulfilled
16,795,2020-07-07 00:10:18,4210.01,fulfilled
17,439,2015-11-13 13:48:35,2501.45,in progress
18,327,1997-06-24 00:31:09,44.74,in progress
19,360,2017-03-28 20:28:18,367.71,fulfilled
20,252,2009-07-12 04:10:17,2068.49,in progress
21,670,1992-08-25 05:07:38,1835.46,in progress
22,291,1997-12-09 19:30:05,1279.0,in progress
23,299,2000-10-16 10:01:52,327.96,fulfilled
24,380,2002-07-23 06:26:21,3574.34,in progress
25,167,2011-12-17 00:42:05,1234.0099999999998,in progress
26,28,1984-07-08 08:41:22,3271.5599999999995,fulfilled
27,884,1970-05-16 22:02:44,584.8,in progress
28,829,1983-12-28 05:31:39,786.29,fulfilled
29,65,2018-04-14 12:14:02,1234.57,fulfilled
30,402,1972-04-23 21:55:35,857.8699999999999,in progress
31,462,2021-11-16 20:41:03,6549.120000000001,in progress
32,226,1993-08-01 12:30:12,3458.5,in progress
33,240,1978-12-06 23:58:30,3368.47,in progress
34,347,1991-06-30 13:52:06,997.1199999999999,in progress
35,581,2010-08-17 09:18:41,3921.24,fulfilled
36,123,2000-03-28 11:30:00,1476.3899999999999,fulfilled
37,152,1987-09-13 17:07:45,3116.71,in progress
38,374,1970-01-30 22:48:52,2939.6000000000004,in progress
39,178,1983-09-12 21:24:59,1721.4,in progress
40,370,2000-12-28 09:32:17,393.87,in progress
41,829,2010-11-12 23:59:34,790.1,fulfilled
42,936,2016-09-09 14:20:20,1826.95,fulfilled
43,659,1982-12-13 19:06:45,1807.5800000000002,fulfilled
44,599,1982-08-04 04:03:07,218.75,fulfilled
45,238,1996-05-10 23:53:14,3777.5899999999997,fulfilled
46,414,1970-08-28 15:27:18,2335.7000000000003,in progress
47,680,2003-02-01 12:00:01,4308.96,in progress
48,250,1972-05-02 15:55:25,924.1800000000001,in progress
49,246,1974-05-03 04:41:35,2928.25,in progress
50,511,2021-06-08 11:26:48,2006.27,in progress
51,881,2010-12-02 19:04:08,2614.87,in progress
52,43,1994-02-13 19:04:21,1622.03,fulfilled
53,438,2013-10-06 02:59:49,3143.38,in progress
54,672,2019-03-23 21:35:01,3320.7400000000002,in progress
55,58,2019-12-31 19:02:19,1847.46,in progress
56,349,2015-07-04 09:43:28,727.2900000000001,fulfilled
57,721,1981-02-09 20:27:50,215.28000000000003,in progress
58,902,1994-01-06 22:44:30,779.8299999999999,in progress
59,514,1978-01-31 01:53:24,3938.51,in progress
60,928,1984-12-30 03:43:57,2181.98,fulfilled
61,990,1982-02-19 04:53:01,2404.25,in progress
62,62,2005-09-10 06:42:21,1272.26,fulfilled
63,769,2008-10-09 15:23:56,4425.3,in progress
64,380,1975-01-28 02:32:41,22.48,fulfilled
65,692,1991-08-07 12:52:23,3144.77,fulfilled
66,102,1987-08-20 04:01:21,5499.46,in progress
67,272,1991-10-13 22:31:33,912.64,fulfilled
68,739,2018-05-29 15:07:37,1763.82,in progress
69,652,1993-06-15 22:17:56,2596.14,in progress
70,863,1989-02-27 01:16:16,3002.58,in progress
71,2,2000-02-09 10:25:53,2140.2000000000003,fulfilled
72,768,2021-06-09 12:17:28,2360.88,in progress
73,626,1996-03-24 08:36:33,3442.13,in progress
74,725,1980-09-10 15:55:30,3481.1600000000003,fulfilled
75,8,2006-12-23 15:22:43,4497.360000000001,in progress
76,298,1972-04-21 21:29:07,3023.42,in progress
77,458,2014-05-04 10:51:37,1567.8,fulfilled
78,773,2007-06-12 02:24:05,76.68,fulfilled
79,466,2019-11-18 21:28:33,785.1999999999999,fulfilled
80,213,1992-12-13 15:27:40,2046.18,in progress
81,56,1990-07-22 22:36:27,187.6,in progress
82,383,2013-07-26 04:25:46,2159.8,fulfilled
83,400,1988-10-25 19:28:19,3688.34,in progress
84,992,2013-08-03 11:13:23,1611.73,fulfilled
85,837,1978-04-15 09:06:05,1446.92,in progress
86,893,2010-09-10 05:39:51,997.42,in progress
87,561,1979-02-11 23:18:28,2009.4699999999998,fulfilled
88,825,1993-03-11 07:23:49,262.1,fulfilled
89,390,2007-11-30 12:03:59,1663.84,in progress
90,102,2008-07-05 03:31:59,1795.0,in progress
91,118,1976-12-30 05:45:43,1473.5600000000002,in progress
92,433,1978-11-07 18:34:24,2493.2,in progress
93,822,1972-12-21 06:44:02,2432.4300000000003,in progress
94,681,1983-05-29 09:41:14,1191.4099999999999,in progress
95,95,2020-06-09 16:01:44,3168.0499999999997,in progress
96,842,2003-04-14 03:33:41,456.48,fulfilled
97,235,2020-06-03 03:30:01,1088.01,in progress
98,149,2021-05-21 19:20:02,2025.4799999999998,fulfilled
99,575,1979-05-05 18:06:29,777.6999999999999,fulfilled
100,805,2006-02-12 16:02:09,3100.77,fulfilled
101,391,2000-11-17 21:50:01,5097.72,in progress
102,986,1980-02-27 23:07:23,4547.42,in progress
103,908,1986-09-03 15:48:29,940.35,fulfilled
104,650,2022-12-08 12:19:10,3595.4700000000003,in progress
105,222,1992-03-27 02:32:50,751.48,fulfilled
106,19,2004-11-03 08:30:07,1248.0,fulfilled
107,741,2002-05-09 14:38:45,1902.46,in progress
108,791,1973-04-21 01:33:24,1668.15,in progress
109,639,2004-09-09 08:06:27,276.54,fulfilled
110,272,1987-07-19 10:57:29,777.93,fulfilled
111,995,2013-05-24 17:47:03,1099.04,in progress
112,77,2007-02-15 10:11:41,3054.53,in progress
113,579,2002-06-29 12:53:27,1714.03,in progress
114,140,1981-12-07 10:08:09,1363.8200000000002,in progress
115,289,1973-09-30 23:27:00,3166.81,in progress
116,275,1998-11-23 23:01:02,2758.75,in progress
117,744,1986-12-12 05:15:32,2682.71,in progress
118,166,2008-04-22 01:10:33,1230.0,fulfilled
119,952,2000-10-06 05:44:31,2206.79,in progress
120,37,2021-05-28 10:55:16,2867.06,in progress
121,79,1970-08-18 17:12:53,3144.67,in progress
122,389,2005-07-07 11:21:15,2436.8900000000003,in progress
123,250,2001-04-23 11:19:37,1857.24,fulfilled
124,70,2017-09-08 06:21:46,185.31,fulfilled
125,214,2016-11-12 22:18:38,2807.6,in progress
126,392,2007-01-06 15:53:06,1098.3700000000001,fulfilled
127,823,2014-04-07 17:39:15,837.5300000000001,in progress
128,790,2019-03-05 08:14:35,2329.6000000000004,fulfilled
129,455,1981-01-26 17:01:12,1668.16,fulfilled
130,21,2011-03-31 15:35:56,1888.2800000000002,in progress
131,31,2022-04-24 07:48:26,760.18,fulfilled
132,761,1999-07-24 04:46:59,3244.1499999999996,in progress
133,389,2003-02-08 02:06:43,1097.8200000000002,fulfilled
134,269,2005-12-30 16:26:54,266.4,fulfilled
135,219,1998-09-21 17:56:34,1540.52,in progress
136,889,1973-03-01 14:58:22,354.76,in progress
137,64,1974-12-04 09:02:29,1382.3100000000002,in progress
138,585,1978-11-15 02:02:37,2269.85,in progress
139,106,2007-11-24 13:41:00,535.28,fulfilled
140,585,1985-08-07 23:18:17,3026.2200000000003,in progress
141,548,2012-08-27 01:37:23,2331.76,in progress
142,931,1995-11-04 11:11:23,3887.63,in progress
143,261,2011-10-25 12:24:39,2607.45,fulfilled
144,102,1995-05-22 21:23:03,3772.5200000000004,in progress
145,472,1971-02-20 13:02:04,3100.1099999999997,in progress
146,443,1987-09-14 06:17:57,1222.7,fulfilled
147,334,1973-07-08 18:05:55,1583.83,fulfilled
148,212,2009-12-17 00:27:20,513.24,fulfilled
149,549,1987-06-21 07:48:42,2622.35,fulfilled
150,391,1980-04-06 03:33:00,2954.67,in progress
151,337,2017-05-25 05:11:17,934.2,in progress
152,35,1982-10-05 17:14:44,1854.94,fulfilled
153,440,1981-01-02 17:55:00,4722.25,in progress
154,867,2020-08-05 04:30:51,2929.91,in progress
155,975,2022-11-02 19:47:49,308.57,in progress
156,5,1981-07-15 15:30:37,536.24,fulfilled
157,434,2009-02-09 15:47:27,1218.81,in progress
158,756,2018-03-27 13:50:08,2611.2599999999998,fulfilled
159,520,2016-08-18 00:42:44,3282.46,in progress
160,516,2021-06-09 07:16:47,2332.08,in progress
161,620,1997-06-02 13:17:22,801.01,in progress
162,637,1976-07-27 00:39:26,708.1499999999999,in progress
163,791,1988-04-04 06:54:05,1487.22,in progress
164,10,2011-09-04 23:44:12,1877.3000000000002,fulfilled
165,54,1977-11-29 14:46:53,3310.01,in progress
166,9,2015-05-16 15:08:08,303.45000000000005,in progress
167,235,1989-06-14 03:08:52,275.52,fulfilled
168,293,1987-10-16 07:04:41,2059.55,in progress
169,645,1995-03-03 03:57:26,3497.75,in progress
170,860,1996-08-18 08:21:49,3684.56,in progress
171,217,2014-10-14 03:53:10,1176.42,fulfilled
172,962,1999-10-08 16:19:32,679.29,fulfilled
173,17,1985-09-27 08:18:10,2436.0699999999997,in progress
174,316,1978-05-27 02:33:01,803.45,in progress
175,113,2014-06-03 00:18:41,4750.04,fulfilled
176,964,2006-02-04 23:12:59,1909.11,in progress
177,700,2006-07-22 11:42:09,670.14,fulfilled
178,228,2015-08-01 23:41:10,1552.6100000000001,fulfilled
179,435,2008-08-24 17:45:25,1680.26,in progress
180,633,1970-09-13 20:11:20,1286.73,in progress
181,787,1998-07-16 16:41:36,1560.71,fulfilled
182,251,1984-11-14 08:20:06,378.84,fulfilled
183,310,1987-11-08 19:30:38,6054.32,in progress
184,575,1987-06-19 09:17:55,405.6,in progress
185,376,1981-02-05 17:54:40,1877.79,in progress
186,507,1985-09-10 01:39:55,4767.49,in progress
187,857,2021-04-08 00:52:02,3920.1,fulfilled
188,404,2017-09-19 08:09:09,4297.780000000001,in progress
189,593,2000-08-20 02:50:17,3722.9700000000003,in progress
190,687,1988-02-01 14:15:19,4308.15,fulfilled
191,653,1991-04-25 00:22:05,3139.94,in progress
192,368,2018-10-30 08:38:47,1382.22,fulfilled
193,732,2000-05-04 00:07:07,1663.42,in progress
194,12,1977-09-05 22:03:46,971.98,in progress
195,761,2008-08-29 00:27:26,3675.02,in progress
196,28,1990-12-08 15:05:42,1243.1599999999999,in progress
197,72,1972-12-01 02:08:57,2795.39,in progress
198,619,1982-01-29 00:27:44,3876.74,in progress
199,786,2006-09-16 11:10:49,783.55,fulfilled
200,274,1981-02-22 16:50:51,1495.21,in progress
201,594,1978-10-18 21:45:20,5019.17,in progress
202,289,2015-10-24 14:13:14,108.10000000000001,fulfilled
203,444,1999-03-23 04:04:30,2208.43,in progress
204,863,1972-10-25 22:10:02,526.49,fulfilled
205,535,1995-11-24 05:56:06,480.2,in progress
206,671,1994-01-17 09:08:28,826.24,in progress
207,164,1989-09-13 08:27:05,1760.2,in progress
208,456,2002-01-09 06:11:31,971.1999999999999,in progress
209,419,2004-11-22 16:20:58,1425.46,in progress
210,408,1974-04-06 09:04:08,731.37,in progress
211,956,1992-08-22 23:53:25,5881.57,in progress
212,307,2010-08-10 03:01:26,4196.25,in progress
213,635,1988-07-17 07:15:24,474.94999999999993,in progress
214,900,1992-03-14 11:09:17,2693.83,in progress
215,270,1984-05-31 14:05:30,2744.74,in progress
216,22,1986-09-13 06:31:06,2606.69,in progress
217,270,2014-07-07 12:47:33,4703.139999999999,in progress
218,819,2003-01-06 19:04:38,1532.49,in progress
219,735,1988-03-09 16:26:59,3941.01,in progress
220,375,2021-09-09 17:32:29,3593.94,in progress
221,791,1976-08-20 16:03:43,2560.7599999999998,fulfilled
222,185,1985-11-28 15:08:29,3784.09,in progress
223,338,2010-09-01 23:20:52,1280.34,in progress
224,342,1997-12-10 06:47:03,2353.1800000000003,in progress
225,472,2007-01-10 07:52:59,3358.87,in progress
226,363,1975-09-21 12:09:29,1906.54,in progress
227,457,1983-12-30 17:31:04,1257.74,in progress
228,562,1982-02-27 23:54:28,1601.9099999999999,in progress
229,702,1980-03-20 04:27:14,2419.91,fulfilled
230,443,1988-10-10 06:44:25,836.5,fulfilled
231,186,1976-12-29 07:18:39,342.98,in progress
232,776,2012-10-10 05:14:18,2934.2999999999997,fulfilled
233,731,2016-06-17 17:10:57,2098.83,in progress
234,795,2012-08-13 14:14:19,3988.43,in progress
235,500,1981-02-14 13:07:55,3922.0099999999998,in progress
236,948,1981-12-06 17:46:44,451.68,fulfilled
237,945,2008-10-04 11:58:53,3228.7200000000003,in progress
238,792,1975-01-10 02:08:25,5714.93,fulfilled
239,355,2005-06-10 18:39:07,3167.56,in progress
240,302,1983-01-20 10:26:48,3900.7599999999998,fulfilled
241,190,2004-03-17 05:49:08,967.6,in progress
242,195,2022-08-23 14:24:42,2948.0699999999997,in progress
243,588,1975-07-03 05:21:52,4181.35,in progress
244,576,1972-05-03 12:40:58,2392.56,in progress
245,494,1974-01-20 22:09:51,4098.48,in progress
246,177,1979-04-13 15:05:48,1773.3899999999999,in progress
247,931,1999-08-25 20:54:19,122.36000000000001,fulfilled
248,428,1977-10-10 23:23:07,3556.87,in progress
249,891,1970-03-26 20:22:25,1102.58,fulfilled
250,17,2022-11-30 13:36:45,1355.03,fulfilled
251,778,1970-12-11 10:09:14,392.58000000000004,in progress
252,662,1970-04-17 11:34:06,2997.4500000000003,in progress
253,5,1983-07-17 03:17:28,3848.2,fulfilled
254,484,1987-05-05 04:25:54,2564.39,in progress
255,162,1994-09-12 09:05:59,1817.58,in progress
256,249,2003-02-15 22:09:02,1624.11,fulfilled
257,545,1977-08-13 17:40:25,1495.99,fulfilled
258,244,1970-03-21 21:47:49,2536.81,fulfilled
259,460,1993-04-04 20:25:37,5324.85,in progress
260,483,1976-06-25 02:23:56,450.74,fulfilled
261,759,1970-08-16 12:43:44,2217.4700000000003,in progress
262,618,2020-02-06 20:44:41,241.6,fulfilled
263,406,2021-07-08 17:58:24,2189.57,fulfilled
264,135,2020-01-04 05:05:37,121.19999999999999,in progress
265,704,1977-05-29 01:13:12,1158.0500000000002,fulfilled
266,416,2020-07-16 01:06:18,1523.08,fulfilled
267,776,2012-02-08 00:14:31,838.9499999999999,fulfilled
268,946,2018-12-31 13:58:25,3381.42,in progress
269,66,1980-07-31 18:38:22,702.3000000000001,in progress
270,534,1974-03-04 23:50:15,874.86,fulfilled
271,19,2007-08-05 12:25:20,1546.36,in progress
272,550,1998-11-09 07:44:36,1018.1,in progress
273,369,2012-12-12 21:20:12,3651.11,in progress
274,260,1987-03-30 13:12:38,3131.7200000000003,in progress
275,531,1977-09-24 20:08:50,2488.4700000000003,in progress
276,517,2009-03-01 07:11:57,4919.13,in progress
277,338,1991-06-02 04:51:35,336.11,in progress
278,165,2000-07-30 07:48:58,3583.49,in progress
279,434,1978-02-19 07:55:10,2845.3199999999997,in progress
280,336,2016-12-26 04:36:30,110.52,fulfilled
281,254,1998-05-07 17:08:46,3645.91,in progress
282,743,2012-02-19 20:28:25,868.5699999999999,in progress
283,87,2016-01-04 05:28:00,3321.44,fulfilled
284,450,2020-11-11 11:12:52,3889.45,in progress
285,30,1985-03-17 05:09:54,3940.02,in progress
286,662,1989-07-26 20:55:38,1075.26,in progress
287,912,1987-05-08 07:20:24,1662.6399999999999,in progress
288,99,1972-03-24 12:08:14,3394.4,in progress
289,643,1975-02-04 12:02:50,404.35,fulfilled
290,377,2003-08-02 00:04:28,3555.99,in progress
291,848,1986-12-25 21:39:04,2320.85,in progress
292,44,2014-01-21 17:40:16,638.7,in progress
293,324,2012-11-24 15:00:55,2062.9,fulfilled
294,413,2008-03-08 17:54:10,3876.13,fulfilled
295,745,1976-12-12 23:58:31,1653.44,in progress
296,107,2012-08-06 20:38:26,3407.81,in progress
297,598,1991-03-05 11:44:39,5836.05,in progress
298,171,1976-12-01 10:52:08,1745.2299999999998,in progress
299,649,2008-04-02 14:05:51,2639.7799999999997,fulfilled
300,718,1998-12-01 05:43:04,2334.7599999999998,in progress
301,93,2019-05-15 14:34:59,2019.92,fulfilled
302,429,2005-12-03 12:25:59,1085.01,fulfilled
303,564,1999-11-23 18:41:03,2340.05,in progress
304,437,1978-06-28 23:20:16,4049.49,fulfilled
305,113,1990-08-08 02:31:14,1543.31,in progress
306,435,1992-09-18 13:24:38,3314.71,in progress
307,389,1984-05-25 12:50:18,1507.6399999999999,fulfilled
308,189,1996-02-06 01:30:19,2035.3799999999999,fulfilled
309,405,1984-10-09 20:02:42,2151.3399999999997,in progress
310,78,1991-08-20 09:40:59,846.4100000000001,in progress
311,434,1982-07-24 16:50:19,3946.61,in progress
312,332,1975-05-05 13:43:55,535.29,fulfilled
313,593,2021-06-30 02:38:26,2226.69,in progress
314,429,2008-11-05 06:16:23,1175.44,in progress
315,150,1972-10-24 06:24:28,2300.73,in progress
316,324,2017-04-04 16:14:31,3243.67,fulfilled
317,231,1995-10-12 07:01:46,4547.27,in progress
318,392,2017-09-22 18:48:03,3211.81,in progress
319,517,1985-02-25 09:21:27,2876.08,in progress
320,412,1984-10-09 10:19:13,730.53,fulfilled
321,205,2004-06-21 21:51:12,2526.2,in progress
322,96,2001-04-09 16:22:36,1807.57,in progress
323,908,2011-02-21 14:28:12,2604.98,in progress
324,853,1996-04-25 23:38:31,187.57999999999998,in progress
325,192,2013-11-29 05:09:26,1240.03,in progress
326,325,1998-04-26 20:52:36,540.9599999999999,fulfilled
327,3,2010-11-08 16:30:59,1034.33,in progress
328,501,2018-07-10 10:13:30,3218.93,in progress
329,720,1976-08-28 00:45:08,3004.4300000000003,in progress
330,386,2015-06-18 16:54:54,1890.3400000000001,fulfilled
331,429,1986-01-20 13:56:06,806.46,in progress
332,689,1995-10-04 14:58:28,408.76,in progress
333,400,1978-09-25 06:23:12,2147.92,in progress
334,903,1988-12-11 23:42:00,229.84,in progress
335,522,1987-08-01 04:48:30,4385.7,in progress
336,499,2001-08-24 04:32:54,2998.4,in progress
337,445,1997-04-05 13:40:33,1481.86,in progress
338,130,1992-04-06 02:46:06,1925.1299999999999,in progress
339,462,1979-06-29 23:18:25,4107.54,fulfilled
340,944,2001-07-28 04:40:53,4376.72,in progress
341,333,1975-08-24 17:39:12,2146.66,in progress
342,272,1993-02-18 04:28:06,1202.8799999999999,in progress
343,919,1998-07-03 03:36:15,3912.21,in progress
344,995,1970-06-03 23:09:04,2424.98,in progress
345,167,2013-02-02 09:57:18,3307.0699999999997,in progress
346,695,2016-02-27 13:25:08,3167.2,in progress
347,586,2020-05-21 21:07:56,3.8499999999999996,in progress
348,562,1974-04-28 23:31:30,957.3900000000001,fulfilled
349,756,1979-05-25 11:38:49,3655.05,in progress
350,236,2000-04-26 04:55:53,2441.8500000000004,fulfilled
351,837,1975-10-05 15:18:40,701.0999999999999,fulfilled
352,669,2017-12-02 02:34:18,2981.58,fulfilled
353,787,1985-08-25 08:13:13,326.62,fulfilled
354,180,1997-01-31 17:07:53,2034.69,in progress
355,76,2005-02-27 08:48:18,867.89,in progress
356,391,2012-02-09 00:34:59,3715.14,in progress
357,185,2018-05-24 14:15:08,2049.12,in progress
358,998,2004-01-03 22:51:15,3810.06,in progress
359,484,2009-10-04 11:31:47,510.75,fulfilled
360,957,1996-09-21 11:29:47,2799.48,fulfilled
361,177,2012-01-10 01:23:34,1107.33,in progress
362,209,1994-04-27 15:45:24,4428.3,in progress
363,898,1978-05-31 20:50:30,2790.8599999999997,in progress
364,313,1987-05-17 16:58:45,1154.8,in progress
365,753,1977-07-13 23:51:26,1662.18,fulfilled
366,677,1989-02-23 02:52:19,562.48,in progress
367,398,2007-01-07 17:17:21,1683.68,in progress
368,844,1993-10-11 18:27:38,889.27,fulfilled
369,870,1977-08-03 15:13:33,3189.34,in progress
370,880,2004-10-28 05:05:27,706.17,fulfilled
371,157,1972-04-02 23:43:15,2403.51,in progress
372,167,1974-11-28 10:45:27,1653.06,in progress
373,651,1972-05-23 09:23:18,1657.1100000000001,in progress
374,809,2002-06-01 09:17:25,367.32,fulfilled
375,49,2018-05-06 18:52:40,3402.6099999999997,in progress
376,166,2009-03-01 12:09:17,936.17,in progress
377,207,2005-11-26 06:00:16,2032.4699999999998,in progress
378,114,2002-12-26 21:09:34,3710.7700000000004,in progress
379,71,1997-10-30 13:45:36,2110.75,in progress
380,936,2015-04-26 06:31:04,1432.58,fulfilled
381,301,2007-11-10 01:39:07,3628.92,in progress
382,353,2011-10-25 01:41:55,148.71,fulfilled
383,478,2017-12-07 20:16:49,344.79999999999995,fulfilled
384,177,1986-07-02 03:18:04,3024.01,in progress
385,521,2008-01-03 18:00:04,1614.11,fulfilled
386,82,2006-01-28 11:59:19,4945.74,in progress
387,450,1988-11-23 14:13:25,2866.69,in progress
388,587,2000-02-13 16:57:42,3240.4700000000003,in progress
389,209,1994-06-04 02:56:42,3355.12,fulfilled
390,432,1999-11-27 03:08:43,4049.8,in progress
391,412,2001-10-14 00:52:02,2478.0,in progress
392,921,1980-09-03 10:29:06,3057.41,in progress
393,384,2021-04-10 20:06:40,1561.8899999999999,fulfilled
394,130,1978-03-13 20:17:46,4453.12,in progress
395,608,1971-04-12 22:57:17,3633.53,in progress
396,529,1981-01-07 05:58:02,2888.24,in progress
397,628,1981-12-21 14:34:58,2823.82,in progress
398,388,2009-03-18 05:18:36,2255.33,in progress
399,107,1980-06-15 07:44:31,761.9499999999999,in progress
400,190,1994-02-28 08:14:07,2703.2200000000003,in progress
401,232,1995-06-24 19:43:36,2884.98,in progress
402,500,1984-11-30 12:42:39,2550.58,in progress
403,447,1985-08-03 17:36:43,1250.27,in progress
404,398,2018-11-29 18:37:16,2524.34,in progress
405,30,2020-06-03 01:41:23,734.72,fulfilled
406,256,1974-10-24 17:50:01,4063.11,in progress
407,160,1999-11-04 22:20:53,3975.34,in progress
408,418,1987-11-22 04:29:16,1000.3100000000001,in progress
409,735,2007-11-05 19:49:58,3099.94,in progress
410,552,2015-02-16 02:56:33,567.31,in progress
411,899,1979-12-22 20:09:10,1704.29,in progress
412,492,2007-06-08 19:23:11,3412.8,in progress
413,839,1996-01-09 12:58:09,2451.03,in progress
414,181,1992-01-11 00:41:13,1731.03,in progress
415,117,2011-02-12 10:33:15,2974.04,in progress
416,884,1982-12-23 11:07:15,3446.47,in progress
417,546,2002-05-07 19:20:13,1736.5700000000002,in progress
418,519,2020-10-12 12:30:07,1757.74,in progress
419,805,2021-03-04 22:37:33,3515.49,in progress
420,689,1972-01-26 09:13:48,1935.19,in progress
421,259,1980-12-19 03:08:35,2285.71,fulfilled
422,448,1988-02-04 19:01:25,1357.46,fulfilled
423,528,1989-11-13 04:34:58,2887.2799999999997,in progress
424,434,1999-12-14 13:19:57,2557.06,in progress
425,634,2010-11-10 02:03:53,3708.8,fulfilled
426,310,2009-06-12 09:51:12,195.47,fulfilled
427,713,1983-10-25 20:20:11,2615.39,in progress
428,142,2003-06-16 17:05:20,3615.88,in progress
429,301,1979-06-17 14:18:08,2476.62,in progress
430,548,1998-06-14 03:01:30,473.54999999999995,fulfilled
431,411,2003-06-04 04:31:19,1534.3000000000002,fulfilled
432,395,2014-07-17 16:44:37,3848.83,in progress
433,31,2010-02-12 15:33:43,1160.3,fulfilled
434,290,1973-02-13 20:59:54,2000.4499999999998,in progress
435,779,1973-09-15 17:19:14,1437.7199999999998,fulfilled
436,883,2021-10-04 00:26:36,4144.27,fulfilled
437,529,2001-08-19 21:58:31,2247.94,fulfilled
438,36,1988-04-18 11:17:47,2537.19,in progress
439,604,2000-06-26 15:44:32,1993.56,in progress
440,870,1971-03-06 11:05:52,569.3,in progress
441,523,1981-03-28 15:55:25,4307.84,in progress
442,258,2021-11-07 00:47:28,500.37,in progress
443,238,2016-05-26 17:39:20,4077.77,in progress
444,61,1982-01-30 11:40:27,2287.12,in progress
445,735,1999-06-22 16:13:20,1437.28,fulfilled
446,873,1988-05-12 12:37:30,568.14,in progress
447,478,1981-03-18 05:34:03,3109.6500000000005,in progress
448,792,1976-05-20 13:06:21,2326.95,fulfilled
449,559,2003-04-22 04:46:09,4607.15,in progress
450,92,2002-12-04 23:02:13,808.69,fulfilled
451,606,1981-08-26 21:30:52,2913.86,fulfilled
452,605,1975-09-24 21:58:33,3626.71,in progress
453,581,2018-04-18 06:23:59,1975.02,in progress
454,373,2008-02-14 00:11:12,6142.24,in progress
455,44,1999-02-02 15:43:58,1180.1899999999998,fulfilled
456,990,1996-02-11 20:55:49,192.48,fulfilled
457,795,2004-11-27 06:07:09,2712.21,in progress
458,535,1998-08-15 09:52:26,3570.61,in progress
459,734,2019-08-07 17:58:20,4251.56,fulfilled
460,588,1983-10-11 17:28:24,2640.05,in progress
461,162,1976-01-25 00:08:09,2388.93,in progress
462,906,1987-09-16 19:52:53,5224.3,in progress
463,225,1989-04-02 21:03:20,1617.0,in progress
464,241,2007-05-02 16:02:07,2797.36,in progress
465,695,1986-07-14 18:50:43,1071.38,in progress
466,994,1992-05-31 00:24:01,957.17,fulfilled
467,440,1993-02-24 11:07:06,2612.54,fulfilled
468,327,2011-03-28 23:59:19,2335.5299999999997,in progress
469,265,1978-03-08 11:14:23,5439.48,in progress
470,37,2003-07-27 23:13:40,3460.79,in progress
471,248,1978-01-22 06:02:38,1563.02,fulfilled
472,627,2004-03-12 12:47:41,3334.7799999999997,in progress
473,945,2007-05-25 23:22:08,1289.1499999999999,in progress
474,808,2010-12-14 07:51:00,2058.26,fulfilled
475,531,2008-08-29 04:40:34,5196.02,in progress
476,316,1989-09-21 02:54:08,182.48,fulfilled
477,67,1973-12-30 18:33:45,94.56,fulfilled
478,972,1974-08-10 06:02:25,477.34999999999997,in progress
479,781,2003-10-13 02:40:03,2531.41,in progress
480,250,1970-11-23 15:38:04,4916.96,in progress
481,608,2003-08-12 18:52:31,264.99,fulfilled
482,326,2004-09-07 03:30:42,789.18,fulfilled
483,190,1984-06-15 01:06:28,15.68,fulfilled
484,412,1970-05-16 03:04:52,2347.8199999999997,in progress
485,322,1991-07-04 19:21:34,3346.58,in progress
486,74,2010-06-15 03:53:11,3458.78,in progress
487,265,2008-12-13 17:16:34,4771.4800000000005,in progress
488,662,1992-10-16 18:17:08,2858.35,in progress
489,307,1994-05-15 01:47:05,2347.58,in progress
490,714,1978-08-06 23:33:16,1749.63,in progress
491,328,2022-09-21 17:13:08,2278.16,in progress
492,801,2011-09-01 12:48:23,2420.8999999999996,in progress
493,762,1984-10-06 19:05:45,1021.3,fulfilled
494,91,2012-06-24 11:22:00,4292.43,in progress
495,544,2014-11-10 17:53:09,10.14,fulfilled
496,332,2004-11-08 21:34:15,2439.26,in progress
497,30,2017-11-16 13:48:30,121.83000000000001,in progress
498,604,2001-07-14 20:41:01,2711.44,in progress
499,954,2021-10-06 10:45:14,3568.0199999999995,in progress
500,546,1973-02-19 21:39:12,3550.52,in progress
501,299,1973-11-05 18:29:28,2265.08,in progress
502,668,2012-09-07 08:31:18,4282.7,in progress
503,478,1973-01-31 17:17:16,785.0699999999999,in progress
504,479,2005-02-22 22:29:57,1395.58,in progress
505,99,2015-12-17 16:12:45,977.8699999999999,fulfilled
506,889,1997-06-27 07:33:34,3069.64,in progress
507,944,2014-05-18 02:57:24,4200.29,fulfilled
508,460,1985-01-09 02:20:29,5021.139999999999,in progress
509,796,1980-07-24 10:01:06,917.56,fulfilled
510,485,2016-12-04 12:38:34,964.8400000000001,in progress
511,49,1977-03-29 22:37:11,4863.77,in progress
512,17,1978-12-29 12:30:41,3727.65,in progress
513,142,2020-08-23 03:08:51,60.09,in progress
514,420,2009-03-20 16:32:07,1085.01,in progress
515,180,1982-12-23 22:01:58,3241.09,in progress
516,833,2015-08-13 02:25:11,6332.64,in progress
517,913,1981-03-19 21:28:56,1672.6799999999998,in progress
518,115,1984-12-24 14:28:10,677.03,in progress
519,3,2021-02-01 22:06:53,1606.91,in progress
520,244,2015-05-10 05:31:41,3024.3,in progress
521,405,1984-08-20 23:10:32,1820.7,fulfilled
522,769,1991-10-08 18:00:24,1112.29,in progress
523,986,1985-04-13 05:58:58,2923.9700000000003,in progress
524,422,2005-05-20 19:40:04,4940.16,in progress
525,960,2010-01-20 07:39:43,2341.1400000000003,in progress
526,640,1975-06-18 02:02:17,675.45,fulfilled
527,838,1973-12-27 07:58:54,4207.9,in progress
528,756,2012-08-18 13:21:34,1415.08,fulfilled
529,544,1985-11-21 07:40:34,1068.66,in progress
530,7,1979-05-05 10:18:12,702.24,fulfilled
531,354,1998-12-10 06:20:37,2697.1,in progress
532,784,2022-04-26 00:28:52,2146.45,fulfilled
533,751,2020-11-25 21:28:13,1592.08,fulfilled
534,827,1993-03-27 18:05:18,3973.2599999999998,in progress
535,620,1972-07-11 02:17:04,450.42,fulfilled
536,542,1991-06-21 22:53:48,2018.08,in progress
537,706,2002-12-11 07:47:44,2792.01,in progress
538,548,1971-05-16 07:19:50,3961.0,in progress
539,578,2005-07-02 06:26:50,1636.81,in progress
540,845,2013-08-31 18:46:23,1486.4299999999998,in progress
541,513,1990-07-13 03:46:33,1886.28,in progress
542,805,1976-06-30 00:23:27,2393.68,fulfilled
543,389,1977-03-27 04:14:04,63.56,fulfilled
544,144,1977-08-17 13:21:36,4125.93,in progress
545,886,2005-02-03 22:55:01,2858.1000000000004,fulfilled
546,488,1983-08-27 04:33:54,2436.74,in progress
547,62,1994-04-27 10:22:23,4077.89,in progress
548,811,1982-03-03 16:36:01,1014.0500000000001,in progress
549,633,1996-03-28 14:10:37,2354.0099999999998,in progress
550,219,1985-06-15 13:34:10,1016.4,in progress
551,643,1985-02-18 05:22:12,2748.24,in progress
552,388,2017-02-22 12:24:27,476.66,fulfilled
553,598,2009-05-21 03:55:22,3866.15,fulfilled
554,281,2013-07-14 12:26:05,357.24,fulfilled
555,185,2016-05-20 03:17:44,3388.4199999999996,fulfilled
556,436,1997-10-07 08:18:42,2949.65,in progress
557,739,1983-10-12 01:08:20,4111.72,in progress
558,491,1971-06-26 18:08:49,2853.69,in progress
559,32,2022-07-26 19:33:45,22.5,fulfilled
560,671,1970-01-10 15:38:32,1970.42,in progress
561,474,2007-09-15 03:03:27,935.36,fulfilled
562,505,2002-09-18 22:24:27,3911.71,in progress
563,977,1994-10-09 02:28:46,1031.55,fulfilled
564,93,2002-04-06 13:10:08,551.16,fulfilled
565,644,2018-09-19 08:42:04,2.89,fulfilled
566,25,1988-12-19 23:04:44,3567.89,in progress
567,532,1997-09-19 22:52:37,2304.9,in progress
568,595,1996-04-15 12:01:55,1598.92,fulfilled
569,359,1995-03-20 23:25:58,1063.51,in progress
570,767,1984-10-26 02:29:53,990.96,fulfilled
571,716,2006-06-27 03:10:48,576.9200000000001,fulfilled
572,164,1987-06-18 05:16:05,1557.5700000000002,in progress
573,813,2011-11-18 14:57:03,4462.95,in progress
574,340,1997-07-16 21:54:46,1166.57,in progress
575,339,1998-02-26 22:49:55,4721.72,in progress
576,794,2001-02-25 01:00:46,219.18,in progress
577,867,1990-12-22 05:52:34,1963.3700000000001,in progress
578,475,1971-03-15 16:00:20,1986.8500000000001,in progress
579,376,1997-09-25 20:59:55,454.94,in progress
580,131,2017-10-05 17:36:04,584.67,fulfilled
581,812,1972-05-04 06:13:09,2357.69,in progress
582,800,1973-04-11 13:34:14,2681.63,in progress
583,408,2007-11-19 12:24:23,132.14,fulfilled
584,424,1987-06-27 18:53:37,4496.0,in progress
585,901,2007-05-23 07:49:58,161.07,in progress
586,150,1990-01-27 14:28:32,4075.83,in progress
587,56,2022-09-29 14:01:03,1037.82,fulfilled
588,795,1971-02-12 18:27:28,1594.3000000000002,in progress
589,910,1988-07-05 09:52:37,2926.0099999999998,fulfilled
590,416,1981-11-25 13:26:52,2313.0299999999997,in progress
591,326,1986-07-13 06:57:19,2795.7,in progress
592,58,1993-11-26 04:35:55,3555.08,in progress
593,751,1996-06-13 02:05:48,1643.97,in progress
594,729,1975-04-03 16:14:33,759.44,in progress
595,676,2002-01-08 04:28:01,2705.32,in progress
596,602,1992-02-12 03:56:50,207.06,fulfilled
597,513,2008-07-16 13:38:06,1284.9,in progress
598,659,2003-04-04 10:01:15,1760.6299999999999,in progress
599,697,2018-12-06 21:08:24,2310.9700000000003,in progress
600,674,2021-09-28 22:38:48,2455.27,fulfilled
601,488,2013-01-12 20:53:41,2426.54,fulfilled
602,650,1997-12-09 18:11:56,1569.4099999999999,in progress
603,562,2012-04-21 10:55:21,2792.12,in progress
604,462,2014-02-04 13:27:27,1234.8,in progress
605,144,2001-03-12 00:00:16,4662.2,in progress
606,849,2000-04-02 18:06:40,816.85,in progress
607,105,1974-11-17 06:46:42,828.98,fulfilled
608,156,1981-01-09 02:59:06,1328.77,in progress
609,826,1997-08-06 18:48:48,623.93,in progress
610,415,1973-11-14 15:19:27,4409.92,in progress
611,995,1984-05-05 20:42:38,3728.44,in progress
612,118,2003-02-12 02:15:13,754.8199999999999,in progress
613,828,2016-02-07 14:35:16,1121.86,fulfilled
614,359,1982-02-13 05:01:01,735.23,in progress
615,606,1988-03-21 16:08:55,1698.29,in progress
616,227,2003-01-13 02:35:02,1040.25,in progress
617,12,1978-05-08 03:40:51,4329.08,in progress
618,381,1973-05-16 16:41:58,2059.57,in progress
619,25,1986-05-29 02:58:54,2278.13,in progress
620,106,2014-11-28 23:15:54,5867.879999999999,in progress
621,512,1975-04-26 09:14:58,2395.61,in progress
622,720,2018-05-06 05:00:46,1026.26,in progress
623,544,1989-01-08 08:01:03,4458.16,in progress
624,375,2018-08-17 20:41:16,3148.45,in progress
625,769,1996-02-20 10:47:07,356.26,in progress
626,974,1992-12-09 16:38:21,314.28000000000003,fulfilled
627,519,1995-02-15 20:19:10,699.06,fulfilled
628,360,2004-08-23 06:26:47,1769.91,in progress
629,46,2020-09-13 03:41:19,861.87,fulfilled
630,921,2007-03-14 18:07:14,3183.9399999999996,in progress
631,811,1983-02-27 01:41:29,2488.51,in progress
632,554,2005-04-17 16:12:24,2318.8199999999997,in progress
633,930,1978-08-31 00:11:38,3721.38,in progress
634,871,1980-03-22 21:40:32,2022.48,in progress
635,866,1994-12-23 03:43:21,1743.1299999999999,fulfilled
636,433,1981-09-21 03:35:41,2728.6800000000003,in progress
637,279,2017-07-16 07:21:07,1112.03,fulfilled
638,373,2010-06-07 12:15:15,1843.58,in progress
639,609,1975-01-22 09:08:40,2140.65,fulfilled
640,957,1996-12-02 15:22:03,750.99,fulfilled
641,923,1986-12-31 16:39:43,2842.83,in progress
642,873,2007-11-28 02:33:08,3232.5,fulfilled
643,912,1993-10-23 10:09:32,1294.03,fulfilled
644,912,1999-07-24 18:28:06,2477.7200000000003,fulfilled
645,882,2022-06-24 00:06:51,1342.62,fulfilled
646,443,1994-10-05 08:17:32,3674.65,in progress
647,902,1988-03-11 09:50:07,2032.1599999999999,in progress
648,101,1989-07-01 06:00:05,843.3100000000001,in progress
649,743,2002-05-05 15:37:37,2802.38,in progress
650,96,1977-01-13 23:10:35,2712.2400000000002,in progress
651,956,2014-11-11 12:40:54,2329.58,in progress
652,163,2009-06-19 08:56:10,3564.11,in progress
653,944,1991-02-09 00:49:27,1785.31,in progress
654,355,2005-05-31 20:09:05,2271.98,in progress
655,881,2008-05-12 09:28:45,3795.01,in progress
656,622,2016-04-10 22:09:48,141.0,in progress
657,355,1998-04-30 19:22:42,5024.7,in progress
658,428,1975-10-26 14:06:53,1958.4499999999998,in progress
659,117,1981-09-14 05:45:20,7158.87,in progress
660,440,2017-08-08 00:59:28,3621.92,in progress
661,118,2002-05-30 13:18:33,1821.1200000000001,in progress
662,569,2015-05-03 15:29:09,217.19,fulfilled
663,668,1978-08-25 06:34:15,55.58,in progress
664,696,2000-02-19 08:07:45,139.86,fulfilled
665,74,2019-11-15 09:51:28,3128.79,in progress
666,910,2012-05-16 17:43:25,995.65,fulfilled
667,818,2016-05-10 15:13:10,1489.44,fulfilled
668,309,2001-04-25 08:56:44,925.3199999999999,in progress
669,994,1975-04-19 01:15:18,3831.33,fulfilled
670,828,1973-04-09 19:15:35,871.5,fulfilled
671,701,1978-03-21 15:16:50,2159.38,in progress
672,646,1988-11-10 18:27:54,1982.3600000000001,in progress
673,931,1974-09-04 04:10:12,4469.12,in progress
674,174,2014-10-10 11:06:10,3312.08,in progress
675,812,1983-12-26 08:00:53,2554.1200000000003,in progress
676,542,1975-04-14 19:06:48,3455.04,in progress
677,855,1992-02-05 08:01:00,4060.54,fulfilled
678,398,2021-04-03 14:45:36,4346.45,fulfilled
679,155,2009-09-11 01:49:02,3209.1800000000003,fulfilled
680,422,2002-09-09 01:58:44,4090.26,in progress
681,234,2015-01-23 12:51:50,1094.84,fulfilled
682,294,1997-11-07 01:45:27,6338.299999999999,fulfilled
683,179,2013-03-31 23:14:19,3048.39,in progress
684,124,2009-09-07 05:08:22,1457.5800000000002,in progress
685,528,1978-10-14 15:47:48,3779.43,in progress
686,704,1982-01-03 00:12:43,3887.77,fulfilled
687,310,1985-06-05 07:41:59,1788.9499999999998,fulfilled
688,619,2018-08-02 23:02:47,2554.36,fulfilled
689,520,1988-04-05 23:16:25,3577.02,fulfilled
690,700,2008-06-10 06:47:31,1578.44,fulfilled
691,32,2018-04-09 19:52:32,1315.97,in progress
692,799,2001-05-17 02:18:39,2360.03,in progress
693,414,1997-05-06 19:30:34,3110.9,fulfilled
694,918,1973-10-13 07:09:49,78.17999999999999,fulfilled
695,438,2006-10-07 15:07:27,3686.2999999999997,in progress
696,113,1977-07-11 06:07:53,4339.41,in progress
697,945,1995-11-17 11:32:23,454.32,fulfilled
698,869,2005-10-11 07:15:59,125.28,fulfilled
699,812,2017-09-26 17:02:41,901.9200000000001,in progress
700,804,2004-09-07 00:39:32,2746.37,in progress
701,235,1978-07-02 21:02:32,985.04,in progress
702,163,2016-11-12 08:04:23,5431.63,in progress
703,357,1977-10-31 18:06:34,5114.360000000001,in progress
704,84,1981-06-12 06:20:36,917.49,fulfilled
705,943,1972-03-29 22:58:55,168.48000000000002,fulfilled
706,144,1998-11-02 15:28:50,4490.01,in progress
707,240,1982-02-03 02:47:54,4219.33,in progress
708,900,1995-06-07 09:51:48,3010.5099999999998,in progress
709,505,1973-04-24 22:13:56,1371.15,fulfilled
710,924,2007-11-16 04:32:58,1291.99,fulfilled
711,341,2013-05-03 16:09:39,708.96,fulfilled
712,790,2002-02-02 02:31:27,3693.37,in progress
713,570,2010-08-04 09:09:36,2155.81,in progress
714,454,2004-09-14 02:41:32,1600.58,in progress
715,290,2014-09-01 19:00:24,1338.68,in progress
716,463,1998-05-19 11:20:43,1411.35,in progress
717,295,1973-11-04 00:57:07,1842.78,fulfilled
718,463,1986-09-16 11:14:16,807.6,fulfilled
719,20,1974-11-18 02:58:43,1969.3000000000002,in progress
720,15,2013-04-10 13:39:05,3590.0899999999997,in progress
721,88,1990-12-06 00:27:11,3305.51,in progress
722,497,2010-08-18 06:51:02,3141.9300000000003,in progress
723,272,1970-02-22 02:12:45,246.38,fulfilled
724,682,1983-04-07 16:44:05,2478.06,fulfilled
725,903,2010-10-22 06:44:32,2679.62,fulfilled
726,584,2021-07-03 19:10:41,287.82,in progress
727,294,2005-07-24 23:41:34,161.27,fulfilled
728,444,1979-01-11 15:31:30,1743.01,in progress
729,613,1987-10-16 08:21:26,739.06,fulfilled
730,94,2005-03-08 13:06:56,2403.15,in progress
731,690,1992-04-15 14:09:58,1400.8,fulfilled
732,373,2003-03-28 20:55:42,1772.6599999999999,fulfilled
733,988,1979-11-27 09:28:12,4742.61,in progress
734,246,2013-05-10 22:39:40,3455.8199999999997,in progress
735,647,1978-03-04 06:38:26,2189.62,in progress
736,229,1987-12-01 04:47:57,4094.95,fulfilled
737,411,1978-09-26 00:54:41,1093.0600000000002,fulfilled
738,292,2016-05-23 19:37:28,2159.58,in progress
739,443,1998-03-07 20:52:13,2131.01,in progress
740,354,2018-06-17 13:34:15,130.88,in progress
741,608,1976-11-11 19:41:24,3144.93,in progress
742,344,1999-12-24 08:16:55,2873.79,in progress
743,60,1982-09-02 16:24:07,2488.46,fulfilled
744,457,1984-05-29 13:07:09,3267.51,in progress
745,454,1984-06-07 03:03:52,2685.01,in progress
746,661,1994-03-30 05:28:48,3193.74,in progress
747,187,1988-12-04 17:31:30,2667.0,in progress
748,328,1975-06-20 20:09:28,1721.44,in progress
749,255,1984-01-12 17:37:27,1851.1999999999998,fulfilled
750,761,2016-05-27 01:23:55,371.64,fulfilled
751,269,1974-05-16 09:21:35,5165.400000000001,fulfilled
752,862,1999-04-13 00:18:35,2168.78,in progress
753,823,2020-03-31 13:33:55,4184.47,in progress
754,335,1988-06-30 08:39:07,2063.58,fulfilled
755,695,1981-12-16 03:19:57,1493.21,fulfilled
756,406,1996-10-22 20:51:28,67.12,fulfilled
757,646,1997-12-17 14:15:22,3566.02,in progress
758,362,2020-05-10 10:48:51,1875.82,fulfilled
759,956,1995-08-27 06:40:35,1582.47,fulfilled
760,937,2011-07-26 13:38:17,2444.7599999999998,in progress
761,258,1990-10-24 20:58:04,1501.27,in progress
762,955,2021-02-18 10:09:16,1885.9,in progress
763,857,2013-07-14 22:18:30,379.27,fulfilled
764,268,1972-10-17 05:53:43,1137.64,in progress
765,483,1980-09-13 03:55:20,597.46,fulfilled
766,538,2008-11-30 13:19:59,1378.91,in progress
767,978,2018-12-03 17:33:34,89.28,fulfilled
768,931,1988-03-10 08:19:01,299.46,fulfilled
769,680,1990-12-02 10:04:40,4192.45,in progress
770,490,2007-06-04 03:44:47,845.7400000000001,in progress
771,633,2004-12-31 08:18:50,852.7,in progress
772,705,1974-10-18 00:34:56,2618.71,in progress
773,779,2002-12-17 16:39:11,161.7,fulfilled
774,943,1987-10-09 08:36:05,808.13,fulfilled
775,346,1977-10-09 17:47:37,3203.26,in progress
776,429,2017-11-30 08:03:50,1237.04,in progress
777,899,1980-12-24 22:57:24,1469.8700000000001,in progress
778,108,1976-05-12 07:14:50,3169.97,in progress
779,882,2010-07-06 09:27:58,786.5099999999999,fulfilled
780,749,1999-09-03 21:17:10,2325.19,in progress
781,804,2019-02-22 08:40:59,3398.46,in progress
782,919,1994-11-02 11:33:53,2935.1,in progress
783,720,1999-01-27 07:02:16,3410.45,fulfilled
784,875,2016-09-20 01:33:43,3032.65,in progress
785,16,1988-02-19 05:54:26,2467.34,in progress
786,18,1978-05-19 19:23:37,113.19,fulfilled
787,319,1987-10-29 13:05:39,2819.48,in progress
788,853,1970-04-22 07:27:32,1943.01,in progress
789,963,1972-04-12 23:06:59,7.74,fulfilled
790,235,2018-05-30 12:12:29,2275.13,in progress
791,222,1998-03-25 21:53:46,3679.56,in progress
792,633,2010-03-24 18:06:24,1904.2,in progress
793,575,1973-06-26 02:22:18,1994.96,in progress
794,149,1981-04-24 20:23:43,4043.7000000000003,in progress
795,864,1978-03-25 21:29:25,906.24,in progress
796,182,1990-08-11 03:03:18,1990.6000000000001,in progress
797,97,1972-06-11 08:20:07,3505.7999999999997,in progress
798,497,2000-10-04 18:06:11,28.04,fulfilled
799,528,2019-09-22 21:21:11,245.19000000000003,in progress
800,350,1983-03-11 01:48:07,2601.46,fulfilled
801,421,1976-01-17 20:37:34,422.2,fulfilled
802,621,1995-08-24 03:26:19,2241.14,in progress
803,376,2019-05-04 14:10:58,3127.03,in progress
804,363,2004-01-10 07:15:42,1480.25,fulfilled
805,381,2019-08-17 10:26:13,2106.52,in progress
806,485,2018-02-28 17:22:25,548.37,in progress
807,470,1977-07-16 02:05:40,369.21,fulfilled
808,310,1995-06-07 18:11:33,236.88,in progress
809,977,1972-12-20 07:03:08,66.55,fulfilled
810,742,2009-09-16 03:13:12,3561.54,in progress
811,377,1990-02-24 02:44:04,323.40000000000003,in progress
812,35,1975-11-01 18:10:52,2401.95,fulfilled
813,424,1970-11-10 13:01:21,3319.96,in progress
814,25,2012-07-15 20:32:43,4356.41,fulfilled
815,40,1997-06-05 19:20:45,2944.44,in progress
816,512,2002-10-10 01:00:18,3295.43,in progress
817,333,1981-02-26 06:21:08,599.84,fulfilled
818,222,1985-12-06 01:54:11,886.4699999999999,in progress
819,560,2009-11-23 13:58:26,287.0,fulfilled
820,672,1992-06-06 15:03:15,2053.6,fulfilled
821,971,1981-02-25 23:13:07,2061.7200000000003,fulfilled
822,523,2001-08-29 10:19:54,180.96,fulfilled
823,686,1992-02-14 05:30:16,2439.09,in progress
824,134,1974-03-01 10:56:13,2392.5,in progress
825,962,1980-11-24 00:17:57,2844.3500000000004,in progress
826,422,1994-08-07 21:30:31,807.8500000000001,fulfilled
827,402,1994-01-19 15:19:09,1038.8,in progress
828,834,1989-11-14 06:16:03,2597.93,in progress
829,156,1996-09-20 16:45:35,2524.1099999999997,fulfilled
830,404,2003-11-12 03:24:39,523.26,fulfilled
831,691,1998-10-13 04:28:11,26.78,fulfilled
832,672,1972-07-31 13:23:23,3880.68,in progress
833,311,2011-06-08 03:12:46,1866.7699999999998,in progress
834,156,1995-12-27 08:37:28,514.5,fulfilled
835,140,2014-01-20 02:50:01,3899.86,in progress
836,193,2006-04-27 04:44:41,1135.32,in progress
837,153,1992-04-15 01:32:13,3484.04,in progress
838,614,2018-04-10 10:59:01,230.08,fulfilled
839,860,1987-09-19 23:59:46,2464.08,in progress
840,199,2009-05-13 11:31:14,2538.9900000000002,in progress
841,408,1974-04-04 20:56:38,2751.75,in progress
842,637,1975-04-11 20:41:29,4026.34,in progress
843,978,2010-02-20 16:16:30,1000.1200000000001,in progress
844,864,1999-11-13 19:34:11,1894.54,in progress
845,746,1978-10-25 21:24:16,2289.46,in progress
846,548,1983-08-05 06:49:21,2360.95,in progress
847,537,1970-05-21 06:39:34,2403.89,fulfilled
848,14,2008-06-29 17:36:12,3633.7400000000002,in progress
849,849,1990-09-06 00:03:34,917.3100000000001,fulfilled
850,777,1979-04-07 04:37:07,3328.58,fulfilled
851,109,2014-02-01 23:49:41,3966.6000000000004,in progress
852,280,2014-04-09 10:04:18,1196.17,fulfilled
853,485,1983-08-17 03:30:39,1370.3,fulfilled
854,418,2006-11-09 05:00:52,2614.74,in progress
855,658,1973-06-23 14:40:19,76.83,fulfilled
856,294,1985-03-31 04:36:17,159.1,fulfilled
857,244,1997-12-04 10:50:22,1791.02,in progress
858,163,1998-09-19 19:55:18,3727.11,fulfilled
859,146,1985-05-18 02:34:36,896.61,in progress
860,662,2004-04-18 23:27:44,144.38,in progress
861,675,2021-09-10 18:26:08,2959.48,in progress
862,752,1983-12-25 19:38:40,2822.06,in progress
863,834,2011-12-25 14:25:36,1747.0900000000001,in progress
864,43,2008-04-12 07:29:00,768.4100000000001,in progress
865,382,1992-07-27 21:16:20,2025.88,in progress
866,383,1980-01-01 09:48:48,2641.26,in progress
867,316,2012-01-03 06:43:04,1821.0800000000002,in progress
868,755,1986-10-02 19:59:24,1389.51,fulfilled
869,260,1971-02-17 05:13:07,141.85999999999999,fulfilled
870,857,2021-05-07 14:33:17,2290.3,fulfilled
871,805,2008-07-11 14:36:38,237.64000000000001,fulfilled
872,998,2016-10-29 08:45:22,4668.5599999999995,in progress
873,66,1983-06-09 17:07:09,1841.91,in progress
874,12,2006-08-17 12:53:21,1573.46,fulfilled
875,321,2021-02-08 15:33:20,1427.87,in progress
876,114,1990-04-25 19:58:56,4944.89,in progress
877,998,1994-11-17 07:22:43,3211.55,in progress
878,35,1990-02-27 08:15:02,846.1400000000001,fulfilled
879,701,2004-03-28 12:09:19,4032.87,in progress
880,59,2017-09-06 01:55:45,1856.6599999999999,in progress
881,216,1996-08-30 22:01:44,359.06,fulfilled
882,974,1983-08-10 16:32:13,2799.36,fulfilled
883,130,1980-10-28 02:52:52,1510.0900000000001,in progress
884,228,2019-01-27 08:14:19,2363.6000000000004,fulfilled
885,411,2003-10-17 04:36:53,1697.77,in progress
886,85,1981-03-22 01:22:20,2041.6,fulfilled
887,276,2018-01-15 10:15:00,259.12,fulfilled
888,950,1985-09-22 15:27:36,2934.57,in progress
889,634,1988-07-15 15:13:55,1738.23,in progress
890,572,2022-08-21 23:19:59,1210.42,in progress
891,933,2022-05-12 05:41:24,3234.52,in progress
892,149,2021-04-08 03:15:04,2129.29,in progress
893,905,2000-09-21 15:01:02,783.6,fulfilled
894,864,2004-02-13 00:53:55,328.79999999999995,fulfilled
895,911,1975-02-12 20:16:50,2952.95,fulfilled
896,417,2018-05-05 02:17:38,2345.13,in progress
897,785,2007-12-13 02:47:44,4976.83,in progress
898,38,1992-08-25 03:11:44,3507.53,in progress
899,809,2010-04-15 16:17:39,365.22999999999996,fulfilled
900,517,2004-03-29 23:59:12,2533.1,fulfilled
901,217,1974-05-14 15:13:07,2245.56,in progress
902,173,2004-04-13 19:28:41,811.06,in progress
903,488,2009-03-02 19:58:36,1887.3799999999999,fulfilled
904,1,1995-10-02 10:11:46,737.38,in progress
905,145,2002-08-10 15:51:31,3513.5099999999998,in progress
906,350,2022-09-28 22:54:58,2047.54,in progress
907,343,2021-10-10 18:59:41,4399.25,fulfilled
908,702,1988-04-16 00:25:53,1157.8500000000001,in progress
909,447,1984-11-13 06:10:32,837.2,fulfilled
910,338,2006-02-28 12:06:11,4439.63,in progress
911,702,1973-02-20 09:08:31,2453.66,fulfilled
912,706,2013-01-07 12:51:20,2194.33,in progress
913,657,1998-03-04 20:39:28,1727.56,in progress
914,829,1975-01-02 02:31:54,2255.08,in progress
915,466,1998-10-27 07:55:02,4187.95,in progress
916,752,2012-02-08 08:34:56,2680.25,fulfilled
917,332,1989-07-11 21:17:05,1162.52,fulfilled
918,666,1984-06-16 13:09:32,5357.55,in progress
919,733,2016-08-16 07:05:57,326.43,in progress
920,341,1997-05-21 09:11:45,3083.79,fulfilled
921,705,1980-06-26 12:12:29,3014.39,fulfilled
922,845,1973-11-28 06:57:24,3084.3500000000004,fulfilled
923,521,1991-04-10 12:21:06,2137.21,in progress
924,13,1981-07-31 09:32:15,1804.4,in progress
925,948,1983-12-27 21:12:43,2147.96,fulfilled
926,923,1978-03-17 17:23:22,1376.03,in progress
927,563,1990-10-16 22:21:39,5276.77,in progress
928,599,2009-03-20 18:04:55,1211.3,fulfilled
929,534,1995-01-15 12:34:58,1001.53,in progress
930,194,1971-11-18 03:25:58,807.84,fulfilled
931,242,2011-12-13 18:05:05,2070.18,in progress
932,393,1971-01-27 06:28:17,731.36,fulfilled
933,175,1974-10-27 19:49:23,2320.12,in progress
934,132,1973-04-30 08:41:30,6059.32,in progress
935,405,2013-10-01 01:38:31,405.28000000000003,in progress
936,37,1996-02-18 16:01:06,3625.39,in progress
937,48,2015-08-15 11:11:48,1189.25,fulfilled
938,789,2013-02-23 16:55:53,2421.86,fulfilled
939,579,1986-06-06 23:49:46,1196.31,in progress
940,415,2006-06-14 05:13:02,3761.2799999999997,in progress
941,258,1986-12-03 14:01:25,761.18,in progress
942,473,2018-01-18 07:25:24,3855.84,in progress
943,243,2017-12-09 19:35:01,3191.08,in progress
944,696,1976-08-09 04:07:26,3613.48,in progress
945,51,2012-03-23 00:04:46,1806.1599999999999,in progress
946,420,1991-07-04 19:55:17,1162.3500000000001,fulfilled
947,421,1982-08-08 16:20:24,893.73,in progress
948,454,1974-12-27 21:48:36,553.52,fulfilled
949,58,1983-05-25 00:19:49,2268.41,in progress
950,396,2004-07-18 08:43:43,4757.96,in progress
951,217,2018-04-16 10:42:53,200.72,fulfilled
952,416,1997-11-07 12:00:45,3313.23,in progress
953,429,2010-10-06 03:23:25,3449.79,fulfilled
954,740,1980-01-20 02:07:50,803.36,in progress
955,20,2001-09-24 22:26:15,3229.17,in progress
956,502,1986-07-21 23:21:19,2245.75,in progress
957,225,1985-06-14 13:10:26,3735.8900000000003,in progress
958,132,1990-10-02 13:24:15,2695.09,in progress
959,660,2006-05-30 22:03:14,3836.8399999999997,fulfilled
960,899,1994-04-25 20:11:48,1067.25,fulfilled
961,665,2004-07-22 11:18:35,4290.0,in progress
962,80,2016-07-02 13:57:06,2088.04,in progress
963,894,2005-06-26 15:41:02,169.36,fulfilled
964,798,2014-03-19 21:10:50,3046.85,in progress
965,74,2000-09-08 18:31:17,252.02999999999997,in progress
966,757,1986-12-16 11:51:40,2596.98,in progress
967,71,1978-07-29 16:31:03,1372.08,in progress
968,364,1996-03-05 14:52:01,313.28000000000003,fulfilled
969,71,1981-08-18 01:26:46,1627.0,fulfilled
970,747,2003-10-20 12:56:43,521.92,fulfilled
971,966,1980-08-09 11:11:24,175.0,fulfilled
972,43,1977-03-24 22:18:52,3794.62,fulfilled
973,80,2012-12-24 13:26:00,1414.4899999999998,in progress
974,574,1982-06-23 10:09:23,2687.92,in progress
975,188,2013-09-25 09:19:48,1864.83,in progress
976,319,2007-09-20 10:04:15,3286.79,in progress
977,147,2011-01-14 05:56:19,7.1,fulfilled
978,485,2004-05-06 04:55:00,4957.4400000000005,fulfilled
979,246,2001-04-06 13:05:56,105.52,fulfilled
980,211,1998-02-03 17:11:19,1085.56,in progress
981,688,1971-06-15 15:49:23,1836.06,fulfilled
982,232,1979-05-14 11:28:17,2955.43,in progress
983,331,2005-10-03 01:44:32,2117.5,in progress
984,620,2019-03-07 21:07:56,1438.1299999999999,in progress
985,700,2001-08-07 16:40:52,0.0,fulfilled
986,370,1995-04-10 01:10:34,3715.2200000000003,in progress
987,728,2011-01-14 20:55:20,236.25,fulfilled
988,76,1979-08-15 05:29:07,486.54,in progress
989,956,2011-02-22 07:52:22,2032.63,in progress
990,259,1990-03-20 06:19:41,1963.0099999999998,in progress
991,786,2006-02-18 03:15:20,137.25,fulfilled
992,643,1970-02-11 21:32:46,4507.53,in progress
993,582,1990-02-23 03:44:15,3929.82,in progress
994,515,2001-11-17 15:56:43,2923.78,in progress
995,508,1996-05-13 14:43:33,1375.86,fulfilled
996,114,1994-04-07 15:29:37,1736.84,in progress
997,124,1998-07-11 01:27:51,1441.43,in progress
998,127,2017-10-06 10:43:16,1698.56,in progress
999,401,2015-02-14 09:31:39,2612.0,in progress
